,Name
0,surmender shani kumar
1,v kumar @ lal
2,nish mehto
3,der singh
4,sund
5,anjeet singh
6,ashil
7,sharesh yadav
8,yak
9,surhan saswar yadakshandeepak
10,rohita
11,nara
12,handpal
13,parvina
14,anu
15,anoj kuma
16,sanjitar tiwari balpal
17,preet singh
18,manil
19,avtar @ vikashiva
20,tarayanna
21,manish kumar
22,hab sarwal
23,anish khani
24,dhbind
25,ramre
26,prashahn
27,inder pand र sonu
28,suraj
29,mr. banjay @ pal
30,deep kumar
31,amir
32,bir hussaranjdeepak
33,vijay a
34,abdul kumar dass
35,ind
36,hary @ lal
37,sanjeet kumar
38,subhash
39,suruddilshad
40,sunil
41,kapoonay kumar
42,sunil khander
43,akbarathapankankarbu
44,kab singh
45,ash
46,amit kumar
47,vino @ pyaresh chapal
48,lesh
49,biri
50,aksharma
51,vikashikash
52,abdul upendra @ chan verma
53,mobilash kumar
54,him
55,shand
56,dharma
57,haउinesh chan
58,p9ollishon ahul
59,ami
60,sora
61,vinder
62,shiq hiya
63,lik
64,samesh adanchand
65,abdulul
66,shary
67,binjay kumar @ ronamr tal
68,manjeev @ sonu
69,vikashukku tyap kumar
70,sanjeet
71,sanjay
72,sitarun @ khankit roj @ tiwar
73,mohd. shahimal singh
74,pawan yadav
75,ompraju
76,ankaj kumar
77,girma
78,raj kumar
79,vijay kumar
80,subhash
81,bhurav
82,sajay saiteshnu
83,ashi @ chachin kumar
84,saव bhansoo
85,ganwarish kuma p/kash
86,sudinesh
87,jagdish
88,lewan sishri @ tul gupta
89,sattarun singh
90,mukesh chander vhok kumar
91,deepak
92,laxmanil kumar singh @ sain
93,amit sin
94,sant kumaeruj parvinodiv
95,sukh malit
96,parkashim kishutbir
97,din
98,surag ram raj meen
99,abdul singh
100,vishnu
101,krishश
102,prasad
103,krish chandar sharma
104,man
105,lokesh kumar
106,babu lal
107,dhir
108,sangal singh
109,kesh kumar
110,rasaan kumar paroja singh
111,shu @ rawan singh
112,gang
113,anku
114,lil
115,rajkumar
116,pawat
117,sonu kumar
118,kulmangayku
119,kiram gupta
120,har sha
121,hema
122,pidchal @ aim
123,muri
124,jain
125,shok soo @ mish mish
126,ash kumar
127,khकisingh
128,kirvesh
129,sunil nara
130,vishandan kumar khotra
131,anil kumar
132,dilramoourai
133,fauhan
134,abdul kumar
135,pawan @ kamal singh
136,satbal
137,sachinn
138,kara
139,ashir siसd
140,dubegrawal
141,deva @singh
142,ani
143,ram
144,bhu @ kara
145,sanjeev prasadaramku
146,alpal lal singh
147,man
148,vipintu kumar
149,bir jha
150,ahmad
151,vicky
152,moh yadarhakur @ biswam
153,sudeepak gupta
154,gouravindeepakashiburjar mishri
155,kaleem
156,satender mehtu kumar
157,gaurabh
158,sunil @ kalam
159,suresh meer
160,ravi niya kumar
161,mohd. /yam kla
162,rajender bitra
163,lal
164,vipi
165,shadur
166,suspa
167,hit suvarun sain kumar
168,deepak
169,sikesh kumar
170,babulokesh sati lilu
171,raj
172,md. attarun kalraj pab alw
173,mangal
174,san raiyazce`
175,diwarilar shok kumar
176,sonu ravi prkesh chatur
177,raj
178,prakel gupta
179,bhan singh
180,sat pradhyap
181,krish @ pul singh
182,taj sad
183,pawan mal kumar sinvharayan shan
184,anu
185,dinesh choudayan @ kant ram kish
186,pawan pal singh
187,dilsardeepak
188,has dassain
189,vhlwोra @ kanirajkumar
190,md.abra
191,his
192,amidjeev
193,laxmand
194,bhu
195,sari
196,sharmender
197,anoj
198,jakil kumar u
199,kalu
200,ander sain
201,naresh kumar
202,prasha
203,ram badri devesh kumurav singh
204,sawab
205,sagar tiwasim singh
206,surender kumar
207,dor
208,ash
209,vinaresh kumar
210,seem
211,nav
212,sonu
213,mohd.amrittanwarinku
214,med
215,inder @ naseem sal
216,rasanjeet suljawan
217,ajan
218,deepak
219,jalwaphasad
220,nitik at kolu singk
221,umar mit
222,raju
223,kinmaza ershal
224,sate्
225,sakash
226,jatosh
227,gopal
228,rohit
229,dasad
230,lal garwal gupta
231,ompatwa
232,khan
233,sant
234,tul @ tal
235,bhash
236,sanjay
237,shok kumar
238,bir
239,shal
240,naresh
241,ash
242,harshan
243,vinqh
244,bablu
245,vipreetamjeev shadur
246,akash
247,harma
248,kesh @ ashiv prakesh
249,ramod chankit
250,ragar
251,l kumar
252,pooja
253,vish kishayan
254,bachin
255,bunty @ yada r/shpat urf ram
256,mohd. iqbal
257,pintu
258,aaja
259,anish chatish kumar
260,mohd. fakarat kumar
261,pappu
262,gautbir al
263,day
264,irsad
265,ram
266,sijay kumar vrishek
267,abi
268,sunil at pankaj
269,vikegmal@pintu ji
270,deep ran
271,rajay singh
272,deepak
273,negi
274,vindeepak
275,mohatap sawan
276,moham virender
277,roshapador alam
278,bijeek shal
279,sehbid al
280,arun kumar
281,aminderajeshand @ ilkishra
282,ash kha prasandeep singh
283,amit pararee
284,balra
285,amit
286,laxmanjeev kumar
287,aja
288,ram channu
289,subhavalu
290,dil
291,pawan
292,parvind hema
293,"pawantosh,eelesh chandeep"
294,jit
295,rakesh kumar
296,sonu
297,ramnav
298,asuravi kumar
299,pawan singh
300,pajit singh
301,vijay tan
302,kesh kqछच
303,bar
304,bahad
305,naveen
306,firoj
307,devendra chabloo
308,sartap
309,arma
310,shand saif
311,deep
312,raआ cna prashi
313,d
314,dinesh
315,path
316,sartap bhol khan pand kishekhal
317,faizunil lil
318,amad
319,ram
320,kur
321,shikash kumar
322,shamalhan singh
323,raj bisttsa habbahad kumar
324,inshu
325,md. khanwari lal
326,anishek
327,akasharma
328,ramoharamalop
329,kir singh negi
330,kapoony @ vijayinkur singh
331,vijay khamal
332,lilash
333,pawan
334,bal  khana
335,dोy
336,meen
337,hal chintu
338,ajeet
339,aashpal
340,kapil singh
341,jao
342,gurf
343,ram
344,pawan @ रashok kumar
345,dhabjeet
346,sanjeetap singh
347,shi lal
348,sanjay kumar
349,rohit
350,kapl‍ phadur
351,yasisharma @ kish kant @ gangir
352,shi
353,sumit
354,aash
355,akashok joh . pankar
356,aashukla @ sonu
357,ankaj kumar
358,som
359,mand pappu
360,sani arma
361,illi chotesh sanjeev pal
362,md. ilitender singh
363,dhirajkumar
364,akashwarish
365,narvinder parkesh
366,sari
367,amit kumar
368,prahul
369,sijay urf neुhudev singh ajwal
370,ankaj
371,sankit
372,de saini
373,suchev chaudhir
374,raj kumar
375,ajay
376,sasrakesh vicky
377,abdulla singh
378,vindeep
379,yogender pal urf agraja
380,arjeet jeev sharma
381,bhu singh
382,siं
383,shishander pal kumar
384,arjun khool
385,md bhasharmi
386,harma
387,dev
388,cheta
389,aazad
390,vailu
391,ashek
392,jaguddu
393,sukh
394,rav kumar kumar
395,prib
396,manesh
397,ramju gayan
398,rakashwari
399,vijay 
400,sunil kieroj chand
401,viram sharma
402,khhi singh
403,deep arxesh jain
404,nizavidilsl
405,anish
406,nawan
407,tar kumar
408,mohit
409,satyam
410,mohd. salmander
411,sanjay kumar
412,sahbubairwal
413,nitendra pappu
414,mohd yadav
415,ash
416,bishaiz
417,raju
418,bhagwan singh
419,hander
420,amit
421,vijay
422,rav ram
423,sumar
424,soगr
425,surendeepu verma
426,kishek
427,mohd.an
428,jar
429,aruja
430,deep
431,nikhil kumar kumullad ali
432,umar singh
433,man
434,ashwar
435,ankit dजl yeja
436,sachin @ ua
437,bhu kumar
438,harma
439,fiqokvrra
440,deepak @ munder badav
441,vishek
442,goratoa tiwari
443,mandjasvinod kumar
444,uneer sharinay park
445,raj
446,mohd. khander pal
447,sanjeek rai
448,ram singh
449,bhudjan rajee
450,mohd. yada
451,shrijwal
452,abhish
453,manowt bharmod kim
454,rakash kumar
455,deep chotu
456,ajap singh
457,vicky alik
458,shek
459,suran dal baburaghutpreet singh @ pal kumar
460,bhand sharender
461,mohd. hool kumar lal singh
462,mohd. farendra @ ham
463,shek
464,ankit shkar lal
465,hartik
466,harmod kumar kumar
467,bablu lal
468,raj
469,kari 
470,sumiyal
471,rajeevm  singh
472,naveen
473,deep
474,ompal kumar 
475,vijay @ ral
476,ravi path singh
477,ram dharmpal
478,tan
479,deep
480,asq singh
481,rinkut @ munhaiya
482,amit
483,kardatlar singh
484,sakshalad
485,kapishand singh
486,sanjeev mal singh
487,pannu @ @ rajpol choudharan singh
488,mahadur singh
489,aja @ kaamit singh
490,amar
491,rajkumar
492,vipy rajputa r/o rash
493,rajkumar
494,somar
495,sonu
496,abh
497,sonu
498,mohd. kishapath
499,vipal
500,tis rath patender alik
501,narel kumar
502,him
503,rameen kumar alil
504,babu kumar
505,mohd kumar
506,dinesh kumar
507,shauhan
508,sundan
509,deep kumar
510,bhupender singh
511,mohd. niwarishn rehmod munny
512,purya
513,alop
514,mukesh 
515,jagda @monu
516,ahmad ali
517,sant kumar
518,vijay hussain
519,pawa verma @ stin
520,jasvek singh@hari prakash kumar pand
521,mu pappu @ nikhurav5la ram
522,ajay
523,abdul shal
524,der sain kar
525,babu lal pankar singh
526,aanjay ram
527,sharun
528,ahmad kumar tiwar sir
529,satishahid inder pramesh chal
530,phand
531,mohd. yadal sachin thavi
532,harvesh kumar
533,sati
534,dhir hussain
535,niु
536,ishrik
537,himanoj kumar
538,kunny
539,sand
540,purajbir singh
541,md. yadab
542,dhara prat aeharman
543,ash chan
544,rohit
545,nareet @ man adav
546,hander s/o fendel्eem
547,talan
548,dab
549,rakashish kumar
550,ami prabhish
551,sunil kumar
552,ravinod khantध pankaj ahul bahad
553,sushanku
554,sant
555,adikpahwa
556,sharma @ bisid
557,raju
558,aakrath
559,satya
560,mahlad dased pankh
561,subhati parnachasand
562,pravidass
563,prakanto salir
564,hari lal
565,wasimraketo
566,jai piyola sahiol kumar
567,reet niwar
568,ram
569,vindeep naresh
570,pawani
571,satiq
572,shik
573,satish @़
574,prabhiran kumar
575,ram naresh kumar
576,ram
577,srxg narayankaj lal sid huravind
578,rakesh arwal
579,abdul pal jain
580,dharma dev
581,deepak
582,sbar
583,lal
584,dhamal babuleem jainesh kumar
585,harinkaj banwar singh
586,dhamswi nij kumat
587,jaicky
588,singh
589,nand
590,nee pal mislh
591,kesh kumar
592,sharma
593,ramvirender
594,nawao rahul bablu
595,himalam
596,vish
597,manil kish chandir mehto
598,ankit pal
599,mohd. iwari lal
600,satyam singh
601,dan
602,harma
603,ash
604,shayan sahni
605,omkar
606,sonu
607,pawan raj
608,nitesh 
609,panne s/o nayder kumsaur jha
610,vasiry ram
611,meth
612,ankaj kumar
613,giriym
614,dilip
615,vinaykhil
616,subharti
617,rendey pankar singh
618,harma
619,nawan malilashek mullah
620,shahjit @preet singh
621,sameena
622,deepak
623,jitendra moharma
624,nitin  sarvinod
625,vish
626,shil
627,sukesh kumar
628,ami noor /mad
629,chan
630,mohitbarlad ali @ rameen
631,aakasan@  nihashu
632,vis
633,mukesh
634,deepak bahad huchauraj alidra kalu rame  kumar
635,aditsa
636,bholaवbar
637,kesh kumarjar sharik
638,shandra
639,prash kumar kumar
640,gir kumar
641,ajiv kumesh @ bikh deepa @ fish
642,yogender singh
643,dhir
644,hisbi lal singh
645,satender singh ram singh
646,dayam
647,deepak
648,narender singh
649,ghatio
650,vivek@k mahendra singh
651,juddinesh
652,ram pal
653,pradeesh kumarjun @ golu
654,rajay chan
655,abdul kumar jha
656,ashor
657,al mal
658,dilly kumar
659,visharsad
660,vijay rahul
661,sumilbiranjay tyam sain
662,devesh chanisharma
663,ravi kumar
664,narata. sain
665,pdtol yadan @ rra yadav
666,rahul
667,rohit mal golvegrawanikhander s/o monu
668,sant joldar
669,manil
670,raj kuma
671,farkari
672,dharmanoj kumar singh
673,ash kumar
674,kaalfagrawant
675,deep kumar
676,deepak
677,julli
678,kapo् kumar
679,raj shah raju
680,kala @ buhand
681,piwaro prakesh
682,ashok pal
683,bablu
684,lukla
685,irma
686,angeet
687,dhampan singh
688,shaik
689,shi prakashish
690,ami
691,kadur
692,rajhu
693,pardan singh
694,shal ahmhicul singh
695,mohd aayandaख
696,singh
697,itbarun
698,dharmander shan
699,prher
700,rahul awilashandra s/o pardaebir ansu
701,satel
702,him kumar
703,dinesh
704,prasadda
705,md. sati kumar
706,manoj
707,deep kumar
708,adilkurpramesh
709,harma
710,utt teek jai singh
711,surasad kumar
712,dev
713,moh @ shan
714,naresh chauhatis fer
715,dip
716,shal
717,sharma
718,nasim
719,mohd faizanadiwasingh
720,pappu kumar parvesh @ raj
721,udeepak shand kumar
722,sharun
723,chander chore
724,sachan
725,nath kumar @ badav
726,ran
727,deepak subhartam
728,anish mahid
729,bhucky abdul husingh
730,aamal khander
731,rajputrihan
732,mohd. lal
733,sant mishahrukhdevendra @ gan @ pand thak kumar
734,dilsander
735,harbanweग pitin kumar lal
736,pawan
737,amitlodib bal singh nih@khander niwareet @ basidra kumar
738,choprakash singh
739,ash
740,abhis
741,sumit
742,harma
743,sonu
744,abdulsharma
745,sobin
746,manil kumit singh @ sume aliya raju
747,nikhajay
748,sharamar
749,hali  al nander prashok kumar
750,rameen
751,amit
752,ramdaresh kumar
753,rit
754,raja ran
755,harid
756,vish kumar
757,niram
758,hari
759,dhansartash monu
760,poor ahm
761,sakir almandouwan
762,ran
763,jakil
764,dev
765,nandan kumar
766,rajkumar siक @ param
767,shiब
768,dar s/o @ rai
769,anu rash @ namit kumar
770,amit
771,somar
772,shu kumar
773,sohaiya
774,shi ram
775,sundal an sidharma
776,pawalontu
777,anwar kumar
778,arun
779,sayjarath @ gupta
780,harma
781,raj kumar
782,laxmanoj pand husain
783,goraash kumar
784,dev kumar
785,puspna
786,bhuran
787,man khal
788,ankaj
789,sonikh kla
790,neet
791,him
792,ram prakar
793,raj kham
794,arkas
795,deep mish shah
796,laxmanoj kumar
797,sukh
798,sone alit
799,girinkaj
800,deva
801,ami
802,nath
803,kar siधarish @raj
804,dharisharma
805,yogesh manjay
806,usmaora
807,niram
808,vindeep
809,anwar
810,harma
811,sunil kumar hik
812,abh
813,day@sik
814,ramit kumar
815,chan pal singh
816,shrachindeepak
817,abdul armod kumar
818,sant
819,sumit kumar
820,rose
821,sander
822,tek s/o ol chan
823,rahul
824,jogesh kumar @ can
825,suraveer senu bhattar
826,gal
827,ahru@
828,laxmanoj
829,parkapoonal kumar
830,dhand @ vikramod kumar
831,vicky
832,mad
833,shat
834,deepak
835,vikash kumanjay kumar
836,raj
837,pawan ram
838,raj kumar
839,subhav @ sonu
840,harma
841,yogesh
842,kamnil
843,sahi kumar
844,parkasif
845,sonu
846,sundaepak
847,ram singh
848,deepak tak
849,sonu ram baisl kumar
850,imran singh
851,dwar
852,ram
853,surav
854,sumit kumar
855,vinath sharinku @  alam pali ra
856,prasar
857,vilrap tya
858,waria ahad
859,naran ahmannu @ kad
860,dilsarbanwarince kumar
861,hishek  kumar
862,mohd. lal pas
863,rahul kishek
864,manil khan
865,nashu
866,jato bhuwar niwariish or aftaari
867,mod kumar
868,rav
869,vikran
870,abdul rajkumar
871,vishan singh @मगहजमऐ kumar gupta
872,raheshwaम pil
873,sharma
874,ul
875,dilmar singh
876,omprath
877,sunny
878,faizanchhar nyesh
879,subharma
880,umit
881,tol kumar
882,hawla
883,inder
884,dinesh
885,vindeep
886,harma @ bablu @ biojiyal
887,shu
888,aja
889,raj
890,moh bhoob pithi
891,amad
892,tushan lal
893,inder singh raj
894,ravi rammi
895,naurav
896,babu kumar motूakla
897,bhupender singh
898,shyam
899,vim
900,dabhisraja
901,harma @
902,nautam
903,bhas
904,ravi
905,digrawahammad
906,shok kumar
907,suutam singh
908,sant lal
909,pardass
910,mohd. kumar
911,arvinder ahmi singh
912,shul chandeepak shakashpadav
913,dilesh kumar
914,rajeet alikashayan
915,sut
916,kish
917,arshahul
918,umar
919,raj
920,har guptaउhurajay om pal
921,harma
922,amanoj
923,laxmanil kumar
924,taraatifaraman
925,sachin kher
926,sumit singh
927,sunalram
928,aakasynanda
929,jitender
930,ravi
931,rakash kumar
932,arun kumar
933,rajeet
934,nave kumar
935,sonu kumar
936,mad
937,sunil kumar
938,ahmed
939,dinesh
940,nir
941,nitin pit kumajiteyan pradeep kumar neerajeet
942,shya @ punadeep i
943,kaman
944,aru
945,shu
946,tarun hal
947,saurmasib @ golu
948,bitu jat
949,umar
950,sultalesh kumar
951,rajeet
952,mohd. tiwan@sajid
953,lax
954,sanjay @ sukh arma
955,anky @ kant
956,abhish
957,manjay
958,shid
959,vinder prasad
960,vijay s/o hegraghubyal singh @ lumar
961,ama
962,rajendra patel
963,sonu
964,hari
965,datinku kumar
966,surakashil
967,bhu
968,arun
969,robin kumar
970,sha thakur singh
971,rajay kumar
972,arvesh
973,jitender kumar
974,sanny kumar
975,dinesh
976,mukesh kumar
977,raj
978,chawat
979,lokesh kumar
980,deep
981,abhiwaroraraya parti
982,ram yadav
983,suratapender sabbu
984,vicky
985,mukesh
986,firath meer
987,shar singh
988,kir
989,mohd. mundeen
990,laxmani
991,laxmanish shan singh
992,prakash
993,rizwan
994,shu tiwar
995,pawav
996,sharath shari
997,jain
998,vind
999,virma
